Feature,Importance
log_price,0.22913698455902817
price_clean,0.19861972950025825
has_discount,0.15562982348465434
discount_pct,0.1222006302333079
title_length,0.12191417704677623
title_word_count,0.08037863290255659
category_encoded,0.07255765834470318
free_shipping,0.017388305767499806
price_tier_encoded,0.002174058161215539
