Model,R2,RMSE,MAE
Random Forest,0.3516618424542489,1.0956757940562976,16.49504767773669
Ridge,0.3279160768403995,1.115560245957734,16.711703970034954
Linear Regression,0.3279044537139614,1.1155698922543358,16.71132790983609
Gradient Boosting,0.3269632296220789,1.1163507588349277,19.716980825462798
Lasso,0.28692188920474215,1.1490788433696804,16.89408960885304
